{"count":1,"self":5.9222671999999994,"total":12.24841,"children":{"InitializeActuators":{"count":1,"self":0.00124,"total":0.00124,"children":null},"InitializeSensors":{"count":1,"self":0.0013089999999999998,"total":0.0013089999999999998,"children":null},"AgentSendState":{"count":18601,"self":0.020267999999999998,"total":0.260027,"children":{"CollectObservations":{"count":1865,"self":0.208247,"total":0.208247,"children":null},"WriteActionMask":{"count":1865,"self":0.0011409999999999999,"total":0.0011409999999999999,"children":null},"RequestDecision":{"count":1865,"self":0.003997,"total":0.030371,"children":{"AgentInfo.ToProto":{"count":1865,"self":0.005175,"total":0.026373999999999998,"children":{"GenerateSensorData":{"count":1865,"self":0.021199,"total":0.021199,"children":null}}}}}}},"DecideAction":{"count":18601,"self":6.048576,"total":6.048576,"children":null},"AgentAct":{"count":18601,"self":0.012903999999999999,"total":0.012903999999999999,"children":null}},"gauges":{},"metadata":{"timer_format_version":"0.1.0","start_time_seconds":"1738935531","unity_version":"2022.3.56f1","command_line_arguments":"\/home\/matthew-barthet\/Desktop\/Solid-Rally-MORL\/scripts\/..\/solid_rally\/linux\/racing.x86_64 -nographics -batchmode --mlagents-port 5006 -socketID 487927ce-02f2-4e3e-b493-c136aef4e900 -frameBuffer False","communication_protocol_version":"1.5.0","com.unity.ml-agents_version":"2.0.1","scene_name":"Solid Rally","end_time_seconds":"1738935543"}}