{"count":1,"self":2840.2163711999997,"total":9643.8773492,"children":{"InitializeActuators":{"count":1,"self":0.0020009,"total":0.0020009,"children":null},"InitializeSensors":{"count":1,"self":0.0060574999999999995,"total":0.0060574999999999995,"children":null},"AgentSendState":{"count":5264241,"self":10.5472232,"total":1895.3925444,"children":{"CollectObservations":{"count":527214,"self":62.4184704,"total":62.418473199999994,"children":null},"WriteActionMask":{"count":527214,"self":0.47548959999999996,"total":0.47548959999999996,"children":null},"RequestDecision":{"count":527214,"self":1.3165622,"total":1821.9513582999998,"children":{"AgentInfo.ToProto":{"count":527214,"self":3.0387367999999997,"total":1820.6347961,"children":{"GenerateSensorData":{"count":527214,"self":39.0541312,"total":1817.5960593,"children":{"RenderTextureSensor.GetCompressedObservation":{"count":527214,"self":1778.5419775999999,"total":1778.541927,"children":null}}}}}}}}},"DecideAction":{"count":5264241,"self":4901.9936768,"total":4901.9937527,"children":null},"AgentAct":{"count":5264241,"self":6.2646539999999993,"total":6.2646539999999993,"children":null}},"gauges":{},"metadata":{"timer_format_version":"0.1.0","start_time_seconds":"1730469280","unity_version":"2022.3.3f1","command_line_arguments":"C:\\Users\\mbart\\Desktop\\Affectively-Environments\\examples\\..\/Builds\/MS_Solid\/Racing.exe --mlagents-port 5007 -bufferWidth 128 -bufferHeight 96 -useGrayscale True -frameBuffer True -socketID 0acf5656-d1b0-40bb-b9cb-5b49b3a98947","communication_protocol_version":"1.5.0","com.unity.ml-agents_version":"2.0.1","scene_name":"Solid Rally","end_time_seconds":"1730478924"}}